url,Dun,anto,adrien,ethan
https://www.cnn.com/2023/10/23/entertainment/taylor-swift-cruel-summer/index.html,Positive,,Positive,
https://www.nbcnews.com/pop-culture/movies/taylor-swift-movie-eras-tour-record-concert-film-top-grossing-rcna120825,Neutral,,Positive,
https://www.cbc.ca/news/entertainment/grammy-nominations-2024-1.7024901,Positive,,Positive,
https://www.cbsnews.com/video/taylor-swift-makes-history-with-latest-grammy-nods/,Positive,,Positive,
https://www.cbsnews.com/video/sza-leads-grammy-noms-up-for-album-of-the-year-with-miley-cyrus-taylor-swift-and-janelle-mone/,Neutral,,Positive,
https://www.cbsnews.com/news/grammy-nominations-2024-nominees-list/,Neutral,,Positive,
https://www.cnn.com/2023/10/19/entertainment/mtv-emas-canceled/index.html,Neutral,,Positive,
https://www.nbcnews.com/news/us-news/taylor-swift-makes-grammy-awards-history-song-year-nominations-rcna124644,Neutral,,Positive,
https://time.com/6333788/grammy-nominations-2024-sza-taylor-swift/,Positive,,Positive,
https://www.businessinsider.com/elon-musk-appears-no-longer-masking-private-jet-tracking-pia-2023-10,Negative,,Negative,
https://www.breitbart.com/sports/2023/11/13/nfl-finally-dumps-taylor-swift-social-media-replaces-her-vikings-josh-dobbs/,Negative,,Neutral,
https://www.breitbart.com/sports/2023/10/26/we-want-more-football-rob-gronkowski-says-networks-overdoing-taylor-swift-coverage/,Negative,,Negative,
https://www.breitbart.com/entertainment/2023/10/16/taylor-swift-bodyguard-returns-to-israel-to-join-idf-units-fight-against-hamas/,Negative,,Negative,
https://www.nbcnews.com/pop-culture/travis-kelce-old-tweets-go-viral-rcna125423,Neutral,,Neutral,
https://www.newsweek.com/republican-bizarre-accusation-taylor-swift-witchcraft-1836328,Negative,,Negative,
https://www.newsweek.com/taylor-swift-under-attack-maga-christians-hank-kunneman-donald-trump-1841820,Negative,,Neutral,
https://www.newsweek.com/taylor-swift-patrick-mahomes-wife-photos-mocked-brittany-mahomes-lyndsay-bell-paige-buechele-1841922,Negative,,Neutral,
https://www.newsweek.com/taylor-swift-travis-kelce-romance-rumors-mom-brother-relationship-1837336,Neutral,,Neutral,
https://www.washingtonpost.com/entertainment/music/2023/10/20/bandcamp-sale-staff-cut/,Negative,,Neutral,
https://ftw.usatoday.com/2023/11/taylor-swift-dad-travis-kelce-eras-tour-chiefs-lanyard-eagles,Positive,,Neutral,
https://ftw.usatoday.com/lists/josh-allen-taylor-swift-jr-smith-audible-call-nfl-fans-debate,Positive,,Neutral,
https://time.com/6324650/time-launches-fast-channel-on-amazon-freevee/,Neutral,,Neutral,
https://abcnews.go.com/GMA/Culture/video/taylor-swift-travis-kelce-share-kiss-after-buenos-104833734,Neutral,,Neutral,
https://abcnews.go.com/Politics/wireStory/chiefs-travis-kelce-taking-play-new-level-taylor-104231453,Positive,,Neutral,
https://bleacherreport.com/articles/10094089-report-taylor-swift-travis-kelce-are-all-in-on-relationship-amid-dating-rumors,Neutral,Positive,Neutral,Positive
https://bleacherreport.com/articles/10093918-lakers-austin-reaves-taylor-swift-dating-rumor-started-by-clippers-staffer,Neutral,Neutral,Neutral,Neutral
https://bleacherreport.com/articles/10097500-report-travis-kelce-taylor-swifts-parents-expected-to-meet-at-eagles-vs-chiefs,Neutral,Positive,Positive,Positive
https://bleacherreport.com/articles/10095508-tmz-travis-kelce-taylor-swift-dating-overwhelming-for-jason-mom-donna-and-family,Neutral,Neutral,Neutral,Negative
https://bleacherreport.com/articles/10093880-chiefs-travis-kelce-i-blacked-out-during-snl-appearance-featuring-taylor-swift,Neutral,Neutral,Neutral,Positive
https://bleacherreport.com/articles/10096698-report-travis-kelce-to-visit-taylor-swift-in-argentina-amid-chiefs-bye-week,Positive,Positive,Neutral,Positive
https://www.cbsnews.com/news/taylor-swift-back-at-arrowhead-stadium-cheering-kansas-city-chiefs-travis-kelce/,Neutral,Positive,,Positive
https://www.cbsnews.com/essentials/how-to-watch-every-kansas-city-chiefs-game-season/,Neutral,Positive,,Positive
https://www.cnn.com/2023/10/19/entertainment/travis-kelce-taylor-swift-weekend/index.html,Neutral,Positive,,Positive
https://www.cnn.com/2023/10/24/entertainment/taylor-swift-kissing-travis-kelce/index.html,Neutral,Positive,,Positive
https://www.cnn.com/2023/10/18/entertainment/kristin-cavallari-travis-kelce/index.html,Negative,Positive,,Positive
https://www.cnn.com/2023/10/17/entertainment/nate-bargatze-foo-fighters-snl/index.html,Neutral,Positive,,Positive
https://www.foxnews.com/entertainment/timeline-taylor-swift-travis-kelces-romance,Neutral,Positive,,Positive
https://www.foxnews.com/entertainment/taylor-swift-feels-protected-cherished-by-true-gentleman-travis-kelce-expert,Neutral,Positive,,Positive
https://www.foxnews.com/entertainment/taylor-swift-supports-travis-kelce-rare-social-media-move,Neutral,Positive,,Positive
https://www.foxnews.com/entertainment/taylor-swift-kisses-travis-kelce-following-kansas-city-chiefs-game,Neutral,Positive,,Positive
https://www.foxnews.com/entertainment/taylor-swift-travis-kelce-break-nfl-wag-curse-jessica-simpson-carrie-underwood-once-blamed-losses,Neutral,Neutral,,Positive
https://www.foxsports.com/stories/nfl/travis-kelce-says-taylor-swifts-lyric-change-at-argentina-concert-shocked-him,Positive,Positive,,Positive
https://www.foxsports.com/stories/nfl/travis-kelce-reveals-the-taylor-swift-conversation-that-terrified-him,Positive,Negative,,Positive
https://www.foxsports.com/stories/nba/the-lakers-clippers-and-a-burner-behind-that-fake-austin-reaves-taylor-swift-rumor,Neutral,Negative,,Negative
https://www.foxsports.com/stories/nfl/could-taylor-swift-make-it-to-k-c-for-kelce-brothers-super-bowl-rematch,Neutral,Positive,,Positive
https://www.foxsports.com/stories/nfl/report-taylor-swift-hosted-watch-party-for-chiefs-significant-others-sunday,Positive,Negative,,Positive
https://www.nbcnews.com/pop-culture/pop-culture-news/travis-kelce-says-may-little-bit-clue-taylor-swift-changing-karma-lyri-rcna125278,Neutral,Positive,,Positive
https://www.nbcnews.com/news/us-news/patrick-mahomes-says-s-worn-pair-underwear-every-game-first-nfl-season-rcna125083,Neutral,Positive,,Positive
https://www.newsweek.com/chiefs-coach-andy-reid-loves-having-taylor-swift-around-travis-kelce-1836956,Positive,Positive,,Positive
https://www.newsweek.com/travis-kelce-taylor-swift-kansas-mansion-photos-1841067,Positive,Positive,,Positive
https://ftw.usatoday.com/2023/11/taylor-swift-travis-kelce-kiss-videos-remix-edit-tiktok,Positive,Positive,,Positive
https://ftw.usatoday.com/2023/10/taylor-swift-chiefs-national-anthem-video,Positive,Positive,,Positive
https://ftw.usatoday.com/lists/taylor-swift-travis-kelce-photos-kansas-city-chiefs-los-angeles-chargers,Positive,Positive,,Positive
https://ftw.usatoday.com/2023/11/taylor-swift-labryinth-travis-kelce-eras-tour-buenos-aires,Positive,Positive,,Positive
https://ftw.usatoday.com/lists/taylor-swift-travis-kelce-heartwarming-moments-eras-tour-buenos-aires-argentina,Neutral,Neutral,,Positive
https://ftw.usatoday.com/2023/11/travis-kelce-flight-taylor-swift-eras-tour-tracker-tiktok,Neutral,Negative,,Positive
https://bleacherreport.com/articles/10095535-chiefs-travis-kelce-files-for-5-trademarks-for-use-on-clothing-cereal-more,Positive,,Neutral,
https://www.breitbart.com/entertainment/2023/10/21/funflation-most-americans-cutting-back-on-amusement-parks-live-entertainment-as-prices-soar-under-biden/,Neutral,,Positive,
https://www.businessinsider.com/cardboard-box-recession-services-inflation-economy-outlook-charles-schwab-kleintop-2023-10,Neutral,,Neutral,
https://markets.businessinsider.com/news/stocks/taylor-swift-song-best-2024-investment-advice-stock-market-outlook-2023-11,Neutral,,Positive,
https://www.businessinsider.com/taylor-swift-tickets-funflation-hurting-best-buy-sales-ceo-2023-10,Negative,,Negative,
https://www.cbc.ca/news/canada/british-columbia/taylor-swift-vancouver-hotels-1.7017810,Positive,,Positive,
https://www.cnn.com/2023/10/16/investing/premarket-stocks-trading/index.html,Neutral,,Positive,
https://fortune.com/2023/10/16/gen-z-spending-habits-vivid-seats-geriatric-millennial-ceo-stan-chia/,Neutral,,Positive,
https://abcnews.go.com/US/wireStory/classes-celebrities-taylor-swift-rick-ross-engaging-new-104818965,Positive,,Positive,
https://abcnews.go.com/Entertainment/wireStory/classes-celebrities-taylor-swift-rick-ross-engaging-new-104818966,Positive,,Positive,
https://www.businessinsider.com/taylor-swift-airbnb-eras-1989-lover-reputation-folklore-evermore-2023-11,Positive,,Positive,
https://www.newsweek.com/donald-trump-beats-taylor-swift-pop-charts-miley-cyrus-january6-1841252,Negative,,Neutral,
https://www.foxnews.com/lifestyle/couples-viral-taylor-swift-jar-wife-paying-quarter-whenever-mentions-star,Neutral,,Positive,
https://www.foxnews.com/lifestyle/young-taylor-swift-fans-go-viral-struggling-open-stars-cd-making-me-laugh,Neutral,,Positive,
https://time.com/6324741/israel-hostages/,Neutral,,Neutral,
https://ftw.usatoday.com/2023/11/taylor-swift-travis-kelce-schedule-tiktok-video,Neutral,,Neutral,
https://ftw.usatoday.com/2023/10/taylor-swift-terry-bradshaw-lip-sync-the-herd-video,Negative,,Negative,
https://ftw.usatoday.com/lists/taylor-swift-outfits-chiefs-travis-kelce-best-ranked,Positive,,Positive,
https://www.newsweek.com/taylor-swift-brittany-mahomes-budding-friendship-1837216,Positive,Positive,,Positive
https://ftw.usatoday.com/2023/10/taylor-swift-brittany-mahomes-dance-chiefs-pregame-travis-kelce,Positive,Positive,,Positive
https://www.buzzfeed.com/kristenharris1/celebs-helped-famous-friends,Neutral,,Neutral,
https://www.foxnews.com/entertainment/young-taylor-swift-played-song-backstage-britney-spears-oops-tour,Neutral,,Positive,
https://www.foxnews.com/sports/us-soccer-star-alex-morgan-invites-taylor-swift-to-san-diego-wave-games-real-football-is-more-fun,Neutral,,Neutral,
https://www.foxsports.com/stories/soccer/uswnt-star-alex-morgan-invites-taylor-swift-to-nwsl-game-real-football-is-more-fun,Neutral,,Neutral,
https://www.newsweek.com/taylor-swift-video-sparks-wild-theory-argylle-elly-conway-1836847,Neutral,,Neutral,
https://www.buzzfeed.com/juliacorrigan/internet-fails-from-this-week-10-30,Positive,,Positive,
https://www.cnn.com/2023/10/20/entertainment/actors-halloween-costumes/index.html,Negative,,Positive,
https://www.washingtonpost.com/dc-md-va/2023/10/25/best-halloween-events-dc-kids-adults/,Neutral,,Neutral,
https://time.com/6328337/halloween-costume-barbie-ken-taylor-swift-travis-kelce/,Positive,,Positive,
https://ftw.usatoday.com/2023/10/connor-hellebuyck-wife-travis-kelce-taylor-swift-halloween-costume,Positive,,Positive,
https://www.cnn.com/2023/10/28/entertainment/britney-spears-jada-pinkett-memoir-plc/index.html,Neutral,,Positive,
https://abcnews.go.com/Entertainment/wireStory/swift-bests-scorsese-box-office-killers-flower-moon-104209104,Positive,,Positive,
https://www.breitbart.com/entertainment/2023/10/19/nolte-taylor-swifts-box-office-triumph-makes-hollywood-tremble/,Positive,,Positive,
https://www.breitbart.com/entertainment/2023/10/21/nolte-taylor-swift-humiliates-hollywood-again-trounces-leos-flower-moon/,Positive,,Positive,
https://www.businessinsider.com/taylor-swift-eras-tour-movie-movie-theater-worker-2023-10,Positive,,Neutral,
https://www.cbc.ca/news/canada/first-person-taylor-swift-movie-long-distance-dad-1.7019980,Neutral,,Negative,
https://www.cnn.com/2023/10/16/entertainment/taylor-swift-eras-tour-box-office-column/index.html,Positive,,Positive,
https://fortune.com/2023/10/17/taylor-swift-eras-tour-concert-film-nbc-nfl-commercials-tickets-nb/,Positive,,Positive,
https://fortune.com/2023/10/16/taylor-swift-eras-tour-movie-box-office/,Positive,,Positive,
https://fortune.com/2023/10/22/weekend-box-office-taylor-swift-concert-film-beats-scorsese-killers-flower-moon/,Positive,,Positive,
https://fortune.com/2023/11/06/box-office-weekend-dune-part-two-release-delayed-hollywood-strikes/,Neutral,,Positive,
https://fortune.com/2023/11/12/the-marvels-struggles-at-box-office-amid-superhero-fatigue/,Neutral,,Positive,
https://www.washingtonpost.com/opinions/2023/10/20/taylor-swift-marvel-universe-eras-tour-movie/,Neutral,,Positive,
https://www.washingtonpost.com/dc-md-va/2023/10/20/common-sense-media-october-20/,Positive,,Positive,
https://time.com/6323750/taylor-swift-beyonce-barbie-fashion-concert-movie/,Positive,,Positive,
https://www.businessinsider.com/nvidia-jensen-huang-joked-jackie-chan-play-him-movie-2023-11,Neutral,,Neutral,
https://abcnews.go.com/Technology/wireStory/stream-week-1989-taylors-version-emily-blunt-nights-104214851,Neutral,,Positive,
https://abcnews.go.com/Entertainment/wireStory/country-pop-2014-nostalgia-2023-reality-time-taylor-104414613,Positive,,Positive,
https://bleacherreport.com/articles/10095337-video-broncos-play-taylor-swifts-shake-it-off-after-beating-travis-kelce-chiefs,Neutral,,Positive,
https://www.breitbart.com/sports/2023/10/29/video-broncos-troll-chiefs-travis-kelce-by-playing-taylor-swift-music-after-upset-win/,Negative,,Neutral,
https://fortune.com/2023/11/06/taylor-swift-1989-taylors-version-outsells-original/,Positive,,Positive,
https://fortune.com/2023/11/06/taylor-swift-1989-rerecording-album-music-industry-impact/,Positive,,Positive,
https://time.com/6329228/taylor-swift-1989-slut-song/,Positive,,Positive,
https://time.com/6327597/taylor-swift-best-vault-songs/,Positive,,Positive,
https://time.com/6328126/taylor-swift-1989-all-you-had-to-do-was-stay/,Positive,,Positive,
https://time.com/6328790/taylor-swift-1989-2/,Positive,,Positive,
https://www.buzzfeed.com/michaelabramwell/funny-tweets-from-october,Positive,,Positive,
https://www.cbc.ca/news/canada/ottawa/cornwall-homeless-encampment-winter-plan-transitional-housing-shelter-1.7023847,Neutral,,Neutral,
https://www.cbc.ca/sports/olympics/winter/alpine-skiing/alpine-skiing-shiffrin-offseason-1.7010158,Neutral,,Neutral,
https://www.washingtonpost.com/entertainment/movies/2023/11/01/fingernails-movie-review/,Neutral,,Neutral,
https://www.businessinsider.com/taylor-swift-billionaire-downplay-net-worth-brand-2023-11,Positive,,Positive,
https://www.businessinsider.com/taylor-swift-jeff-bezos-elon-musk-top-financial-icons-genz-2023-11,Neutral,,Neutral,
https://abcnews.go.com/International/wireStory/taylor-swifts-argentina-concert-takes-political-turn-presidential-104772669,Neutral,,Neutral,
https://abcnews.go.com/Entertainment/wireStory/taylor-swifts-argentina-concert-takes-political-turn-presidential-104772670,Neutral,,Neutral,
https://apnews.com/live/election-2023-live-updates,Neutral,,Neutral,
https://www.breitbart.com/politics/2023/10/31/report-nj-democrat-gov-phil-murphy-spent-taxpayer-money-taylor-swift-concert-other-events/,Negative,,Negative,
https://www.breitbart.com/latin-america/2023/11/10/argentina-socialists-weaponize-taylor-swift-against-conservative-presidential-frontrunner/,Neutral,,Neutral,
https://www.nbcnews.com/news/morning-rundown-november-8-rcna124135,Neutral,,Neutral,
https://www.newsweek.com/israel-asks-taylor-swift-help-roni-eshel-hamas-missing-person-1841408,Neutral,,Neutral,
https://www.buzzfeed.com/mjs538/travis-kelces-old-tweets,Neutral,Neutral,,Neutral
https://fortune.com/2023/11/07/gannett-usa-today-taylor-swift-report-bryan-west/,Neutral,,Positive,
https://www.nbcnews.com/pop-culture/taylor-swift-reporter-online-discourse-rcna124083,Neutral,,Neutral,
https://www.nbcnews.com/pop-culture/pop-culture-news/usa-today-hires-taylor-swift-reporter-rcna123987,Neutral,,Neutral,
https://www.businessinsider.com/celebrity-species-named-eponyms-nomenclature-taxonomy,Positive,,Positive,
https://www.breitbart.com/entertainment/2023/10/21/rap-group-death-grips-end-concert-when-fans-wont-stop-throwing-glow-sticks-at-them/,Neutral,,Neutral,
https://bleacherreport.com/articles/10095509-tom-brady-josh-allen-reveal-michael-jordan-lebron-james-and-more-audible-code-words,Neutral,Positive,,Positive
https://bleacherreport.com/articles/10097217-fantasy-football-big-board-complete-2023-ppr-player-rankings-for-week-11,Neutral,Neutral,,Positive
https://www.cbsnews.com/essentials/how-to-watch-todays-los-angeles-chargers-vs-kansas-city-chiefs-game-2023-10-22/,Neutral,Positive,,Positive
https://www.cbsnews.com/essentials/how-to-watch-the-new-orleans-saints-vs-indianapolis-colts-game-2023-10-29/,Neutral,Positive,,Positive
https://www.cbsnews.com/essentials/how-to-watch-jacksonville-jaguars-vs-new-orleans-saints-game-2023-10-19/,Neutral,Positive,,Positive
https://www.cbsnews.com/essentials/how-to-watch-the-new-york-jets-vs-ny-giants-game-2023-10-29/,Neutral,Positive,,Positive
https://www.cbsnews.com/essentials/how-to-watch-the-washington-commanders-vs-ny-giants-game-2023-10-22/,Neutral,Positive,,Positive
https://www.cbsnews.com/essentials/how-to-watch-the-los-angeles-rams-vs-dallas-cowboys-game-2023-10-29/,Neutral,Positive,,Positive
https://www.foxsports.com/stories/nfl/taylor-swift-attends-chiefs-chargers-game-at-arrowhead-stadium,Positive,Positive,,Positive
https://www.foxsports.com/stories/nfl/chiefs-want-to-be-worlds-team-behind-star-power-super-bowl-success,Neutral,Positive,,Positive
https://www.foxsports.com/stories/nfl/taylor-swift-effect-chiefs-5-0-4-1-ats-since-star-began-attending-travis-kelce-games,Neutral,Positive,,Positive
https://www.foxsports.com/stories/nfl/chiefs-travis-kelce-responds-to-andy-reids-comments-on-impact-of-taylor-swift,Positive,Positive,,Positive
https://www.nbcnews.com/news/us-news/taylor-swift-wears-friendship-bracelet-travis-kelces-jersey-number-chi-rcna121648,Neutral,Positive,,Positive
https://www.buzzfeed.com/ivanapeloza/taylor-swift-adds-three-vancouver-shows-to-the-eras-tour,Neutral,,Neutral,
https://www.buzzfeed.com/mjs538/taylor-swift-throwing-stuff-on-stage,Neutral,,Positive,
https://www.cbc.ca/radio/tapestry/taylor-swift-fandom-spirituality-1.7000176,Positive,,Neutral,
https://www.cbc.ca/news/canada/british-columbia/taylor-swift-vancouver-dates-1.7016290,Positive,,Positive,
https://fortune.com/2023/11/09/employee-expenses-concert-tickets-haircuts-remote-work-brex/,Neutral,,Neutral,
https://www.foxnews.com/entertainment/taylor-swift-cancels-argentina-concert-travis-kelce-arrives,Neutral,,Positive,
https://www.nbcnews.com/news/latino/taylor-swift-spanish-argentina-concert-slang-pedo-rcna124596,Neutral,,Positive,
https://www.washingtonpost.com/dc-md-va/2023/11/01/best-concerts-dc-november/,Neutral,,Positive,
https://time.com/6333509/taylor-swift-eras-tour-cities-songs/,Positive,,Positive,
https://www.cbsnews.com/news/taylor-swift-billionaire-1989-release-eras-tour/,Neutral,,Positive,
https://fortune.com/2023/10/26/taylor-swift-billionaire-net-worth-eras-tour-bloomberg/,Positive,,Positive,
https://abcnews.go.com/Entertainment/wireStory/taylor-swift-chiefs-game-germany-travis-kelce-104613150,Neutral,,Neutral,Neutral
https://abcnews.go.com/Entertainment/wireStory/new-jersey-governor-spent-12k-stadium-events-including-104556827,Negative,,Negative,
https://abcnews.go.com/Entertainment/wireStory/muted-box-office-weekend-dune-part-104643495,Neutral,,Positive,
https://abcnews.go.com/Entertainment/wireStory/travis-kelce-sighting-world-series-sign-taylor-swift-104442775,Neutral,,Neutral,Neutral
https://abcnews.go.com/Business/wireStory/new-jersey-governor-spent-12k-stadium-events-including-104556830,Negative,,Negative,
https://abcnews.go.com/Entertainment/wireStory/partial-list-nominees-66th-grammy-awards-104792563,Positive,,Neutral,
https://abcnews.go.com/Entertainment/wireStory/mtv-cancels-emas-awards-show-paris-citing-israel-104140611,Neutral,,Positive,
https://abcnews.go.com/Entertainment/wireStory/country-musician-megan-moroney-writes-sad-songs-sad-104377790,Neutral,,Neutral,
https://abcnews.go.com/Entertainment/wireStory/video-game-adaptation-nights-freddys-notches-130-million-104461602,Neutral,,Positive,
https://abcnews.go.com/Politics/wireStory/court-arguments-begin-effort-bar-trump-presidential-ballot-104469458,Neutral,,Neutral,
https://abcnews.go.com/US/wireStory/court-arguments-begin-effort-bar-trump-presidential-ballot-104469456,Neutral,,Neutral,
https://abcnews.go.com/Entertainment/wireStory/big-weekend-rich-eisen-reflects-nfl-network-turning-104635198,Neutral,Positive,,Positive
https://abcnews.go.com/Entertainment/wireStory/2024-grammy-nomination-snubs-surprises-pop-country-regional-104796254,Positive,,Positive,
https://abcnews.go.com/Entertainment/wireStory/movie-review-nicolas-cage-finds-fame-highly-overrated-104738290,Neutral,,Neutral,
https://abcnews.go.com/Entertainment/wireStory/economic-worries-vivid-seats-ceo-customers-pay-sports-104007581,Neutral,,Positive,
https://abcnews.go.com/Business/wireStory/chiefs-worlds-team-global-star-power-super-bowl-104632560,Positive,Positive,,Positive
https://abcnews.go.com/Entertainment/wireStory/noisy-rock-roll-growing-interest-formula-felt-music-104878547,Neutral,Neutral,,Positive
https://abcnews.go.com/Business/wireStory/noisy-rock-roll-growing-interest-formula-felt-music-104878552,Neutral,Neutral,,Positive
https://bleacherreport.com/articles/10094747-fantasy-football-week-8-top-100-players-updated-trade-value-and-advice,Neutral,Neutral,,Positive
https://bleacherreport.com/articles/10093938-fantasy-football-week-7-examining-trade-value-for-this-years-top-100-players,Neutral,Neutral,,Positive
https://bleacherreport.com/articles/10093556-rob-gronkowski-invites-chiefs-travis-kelce-taylor-swift-to-his-nfl-super-bowl-party,Positive,Positive,Neutral,Positive
https://bleacherreport.com/articles/10095141-tmz-taylor-swift-wont-attend-travis-kelce-chiefs-game-vs-broncos-in-week-8,Neutral,Neutral,Neutral,Negative
https://bleacherreport.com/articles/10094798-chiefs-travis-kelce-will-have-feature-on-jason-kelce-eagles-2nd-christmas-album,Positive,Positive,Neutral,Positive
https://bleacherreport.com/articles/10094477-jason-kelce-says-travis-taylor-swift-dating-reached-a-weird-level-due-to-paparazzi,Negative,Neutral,Neutral,Positive
https://bleacherreport.com/articles/10095687-video-chiefs-travis-kelce-reacts-to-viral-taylor-swift-halloween-tiktok-costume,Neutral,Neutral,Neutral,Positive
https://bleacherreport.com/articles/10097428-video-chiefs-travis-kelce-reveals-reaction-to-taylor-swifts-karma-lyric-change,Positive,Positive,Neutral,Positive
https://bleacherreport.com/articles/10096997-video-travis-kelce-taylor-swift-embrace-at-eras-tour-karma-lyrics-changed-for-te,Positive,Positive,Positive,Positive
https://bleacherreport.com/articles/10094796-chiefs-travis-kelce-addresses-viral-taylor-swift-stat-graphic-from-chargers-game,Positive,Positive,Neutral,Positive
https://bleacherreport.com/articles/10094003-tmz-chiefs-travis-kelce-buys-5m-kansas-city-mansion-amid-taylor-swift-relationship,Neutral,Neutral,Positive,Positive
https://bleacherreport.com/articles/10094003-tmz-chiefs-travis-kelce-buys-6m-kansas-city-mansion-amid-taylor-swift-relationship,Neutral,Neutral,Positive,Positive
https://bleacherreport.com/articles/10094423-video-taylor-swift-brittany-mahomes-celebrate-with-handshake-at-chargers-vs-chiefs,Neutral,Positive,,Positive
https://bleacherreport.com/articles/10093991-kristin-cavallari-clarifies-telling-chiefs-travis-kelce-she-was-in-love-with-him,Negative,Positive,,Positive
https://bleacherreport.com/articles/10094435-patrick-mahomes-travis-kelce-excite-fans-as-chiefs-beat-justin-herbert-chargers,Neutral,Positive,,Positive
https://bleacherreport.com/articles/10095939-listen-eagles-jordan-mailata-jason-kelce-cover-all-i-want-for-christmas-is-you,Neutral,Neutral,,Neutral
https://bleacherreport.com/articles/10096561-cowboys-vs-eagles-draws-271m-viewers-most-watched-nfl-game-of-2023-season,Neutral,Positive,,Positive
https://bleacherreport.com/articles/10096665-fantasy-football-week-10-updated-trade-value-for-top-100-players,Neutral,Positive,,Positive
https://bleacherreport.com/articles/10095441-fantasy-football-big-board-complete-2023-ppr-player-rankings-for-week-9,Neutral,Neutral,,Positive
https://bleacherreport.com/articles/10094567-fantasy-football-big-board-complete-2023-ppr-player-rankings-for-week-8,Neutral,Neutral,,Positive
https://bleacherreport.com/articles/10095616-fantasy-football-week-9-tips-trade-value-rankings-for-top-100-players,Neutral,Neutral,,Positive
https://bleacherreport.com/articles/10093641-fantasy-football-big-board-complete-2023-ppr-player-rankings-for-week-7,Neutral,Neutral,,Positive
https://bleacherreport.com/articles/10095885-fantasy-football-week-9-rankings-each-positions-flex-and-ppr-projections,Neutral,Neutral,,Positive
https://bleacherreport.com/articles/10096518-eagles-jason-kelce-to-feature-in-people-magazines-2023-sexiest-man-alive-edition,Positive,Positive,,Positive
https://bleacherreport.com/articles/10095493-nhl-style-rankings-bs-canadiens-continue-rivalry-off-ice-a-legend-goes-shirtless,Neutral,Neutral,,Positive
https://www.breitbart.com/entertainment/2023/11/08/taylor-swift-promoted-left-wing-voter-registration-organization-while-remaining-silent-on-hamas-massacre-of-israelis/,,,Negative,
https://www.breitbart.com/sports/2023/11/04/travis-kelce-said-looking-breeder-just-before-dating-taylor-swift/,Negative,Negative,,Positive
https://www.breitbart.com/entertainment/2023/11/07/taylor-swift-calls-on-fans-to-hit-the-polls-ahead-of-major-elections-in-several-states/,,,Negative,
https://www.businessinsider.com/news-today-october-30-baby-boomer-investing-strategy-2023-10,,,Positive,
https://markets.businessinsider.com/news/stocks/mark-zuckerberg-facebook-meta-stock-metaverse-losses-big-tech-investments-2023-10,,,Neutral,
https://www.businessinsider.com/news-today-october-27-goldman-sachs-partners-leaving-david-solomon-2023-9,,,Neutral,
https://www.businessinsider.com/etsy-financial-freedom-digital-goods-entrepreneur-2023-11,,,Neutral,
https://www.businessinsider.com/extortion-blackmail-plot-against-amc-ceo-adam-aron-2023-10,,,Positive,
https://www.businessinsider.com/ai-artificial-intelligence-new-luxury-item-will-be-humans-2023-10,,,Negative,
https://www.businessinsider.com/overemployed-workers-secret-two-multiple-jobs-salaries-tech-tips-2023-11,,,Negative,
https://www.businessinsider.com/taylor-swift-eras-tour-box-office-records-beyonce-barbie-oppenheimer-2023-10,,,Positive,
https://www.businessinsider.com/grimes-taylor-swift-presidential-candidate-could-unite-country-2023-10,,,Positive,
https://www.businessinsider.com/taylor-swift-travis-kelce-kansas-city-missouri-business-economy-booming-2023-10,,,Positive,
https://www.businessinsider.com/taylor-swift-beyonce-wont-prop-up-us-economy-much-longer-2023-11,,,Positive,
https://www.businessinsider.com/taylor-swift-reaches-billionaire-status-amid-monumental-eras-tour-bloomberg-2023-10,,,Neutral,
https://www.businessinsider.com/far-right-blaming-taylor-swift-gop-election-losses-2023-11,,,Neutral,
https://www.businessinsider.com/news-today-october-17-tech-jobs-workers-unhappy-2023-9,,,Positive,
https://www.businessinsider.com/species-name-celebrity-awareness-regret-taxonomy-2023-11,,,Neutral,
https://www.buzzfeed.com/samanthawieder/problem-solving-so-good-mastermind-an,,,Positive,
https://www.buzzfeed.com/samanthawieder/holiday-wish-list-ideas-now,,,Positive,
https://www.buzzfeed.com/mychalthompson/kelly-clarkson-taylor-swift-travis-kelce-response-reactions,,,Neutral,
https://www.buzzfeed.com/mychalthompson/travis-kelce-taylor-swift-love-question-reactions,Positive,Positive,,Neutral
https://www.buzzfeed.com/kristenharris1/taylor-swift-eras-tour-outfits-facts,,,Positive,
https://www.buzzfeed.com/jenae_sitzes/incredible-products-taylor-swift-travis-kelce,,,Positive,
https://www.buzzfeed.com/mjs538/taylor-swift-girls-night,Negative,Negative,,Neutral
https://www.buzzfeed.com/hbraga/black-clothing-shoes,,,Positive,
https://www.buzzfeed.com/jessicahall2/products-revolutionize-beauty-routine,,,Neutral,
https://www.buzzfeed.com/jessicahall2/beauty-products-so-good-they-seem-magical,,,Neutral,
https://www.buzzfeed.com/jessicahall2/beauty-items-wizard-cast-spell-on-an,,,Neutral,
https://www.buzzfeed.com/abbykass/products-help-save-time-running-late,,,Neutral,
https://www.buzzfeed.com/negestikaudo/makeup-products-under-25-reviewers-swear-by,,,Neutral,
https://www.buzzfeed.com/rachelleyang1/beauty-products-that-solve-problems,,,Neutral,
https://www.cbsnews.com/essentials/how-to-watch-the-houston-texans-vs-carolina-panthers-game-2023-10-29/,Positive,Positive,,Positive
https://www.cbsnews.com/essentials/how-to-watch-the-baltimore-ravens-vs-arizona-cardinals-game-2023-10-29/,Positive,Positive,,Positive
https://www.cbsnews.com/essentials/how-to-watch-the-cincinnati-bengals-vs-san-francisco-49ers-game-2023-10-29/,Positive,Positive,,Positive
https://www.cbsnews.com/essentials/how-to-watch-the-philadelphia-eagles-vs-washington-commanders-game-2023-10-29/,Positive,Positive,,Positive
https://www.cbsnews.com/essentials/how-to-watch-the-kansas-city-chiefs-vs-denver-broncos-game-2023-10-29/,Negative,Negative,,Positive
https://www.cbsnews.com/essentials/how-to-watch-the-cleveland-browns-vs-seattle-seahawks-game-2023-10-29/,Positive,Positive,,Positive
https://www.cbsnews.com/essentials/how-to-watch-the-minnesota-vikings-vs-green-bay-packers-game-2023-10-29/,Positive,Positive,,Positive
https://www.cbsnews.com/essentials/how-to-watch-the-atlanta-falcons-vs-tennessee-titans-game-2023-10-29/,Positive,Positive,,Positive
https://www.cbsnews.com/essentials/how-to-watch-the-jacksonville-jaguars-vs-pittsburgh-steelers-game-2023-10-29/,Positive,Positive,,Positive
https://www.cbsnews.com/essentials/how-to-watch-the-san-francisco-49ers-vs-minnesota-vikings-game-2023-10-23/,Positive,Positive,,Positive
https://www.cbsnews.com/essentials/how-to-watch-the-tampa-bay-buccaneers-vs-buffalo-bills-game-2023-10-26/,Positive,Positive,,Positive
https://www.cbsnews.com/essentials/how-to-watch-the-detroit-lions-vs-baltimore-ravens-game-2023-10-22/,Positive,Positive,,Positive
https://www.cbsnews.com/essentials/how-to-watch-the-las-vegas-raiders-vs-chicago-bears-game-2023-10-22/,Positive,Positive,,Positive
https://www.cbsnews.com/essentials/how-to-watch-tonights-dallas-cowboys-vs-los-angeles-chargers-game-2023-10-16/,Positive,Positive,,Positive
https://www.cbsnews.com/essentials/week-7-nfc-showdown-how-to-watch-the-arizona-cardinals-vs-seattle-seahawks-game/,Positive,Positive,,Positive
https://www.cbsnews.com/essentials/how-to-watch-the-green-bay-packers-vs-denver-broncos-game-2023-10-22/,Positive,Positive,,Positive
https://www.cbsnews.com/essentials/how-to-watch-buffalo-bills-vs-the-new-england-patriots-game-2023-10-22/,Positive,Positive,,Positive
https://www.cbsnews.com/essentials/how-to-watch-the-pittsburgh-steelers-vs-los-angeles-rams-game-2023-10-22/,Positive,Positive,,Positive
https://www.cbsnews.com/essentials/how-to-watch-the-cleveland-browns-vs-the-indianapolis-colts-game-2023-10-22/,Positive,Positive,,Positive
https://www.cbsnews.com/essentials/how-to-watch-the-atlanta-falcons-vs-tampa-bay-buccaneers-game-2023-10-22/,Positive,Positive,,Positive
https://www.cbsnews.com/essentials/how-to-watch-miami-dolphins-vs-philadelphia-eagles-game-2023-10-22/,Positive,Positive,,Positive
https://www.cbsnews.com/essentials/how-to-watch-the-chicago-bears-vs-la-chargers-game-2023-10-29/,Positive,Positive,,Positive
https://www.cbsnews.com/essentials/how-to-watch-the-new-england-patriots-vs-miami-dolphins-game-2023-10-29/,Positive,Positive,,Positive
https://www.cbsnews.com/news/trump-ballot-colorado-insurrection-clause/,,,Neutral,
https://www.cbsnews.com/essentials/best-gifts-for-teen-girls/,,,Neutral,
https://fortune.com/2023/10/29/weekend-box-office-video-game-adaptation-five-nights-freddys-blumhouse-number-1/,,,Positive,
https://fortune.com/2023/11/09/watch-stream-nfl-thursday-night-football-games-live-online-free-without-cable-2023-season-what-channel-fox-cbs-abc-nbc-espn-amazon-week-10/,Neutral,Neutral,,Positive
https://fortune.com/2023/10/26/gdp-report-analysis-interest-rates-inflation-federal-reserve/,,,Neutral,
https://fortune.com/2023/11/05/watch-stream-nfl-football-games-live-online-free-without-cable-2023-season-week-9-what-channel-fox-cbs-abc-nbc-espn/,Neutral,Neutral,,Positive
https://fortune.com/2023/10/20/sag-aftra-actors-strike-celebrity-halloween-costumes/,,,Positive,
https://fortune.com/2023/11/10/amc-theatres-best-revenue-movies-attendance-since-pandemic-began-barbenheimer/,,,Positive,
https://fortune.com/2023/10/22/watch-stream-nfl-football-games-live-online-free-without-cable-2023-season-week-7-what-channel-fox-cbs-abc-nbc-espn/,Neutral,Neutral,,Positive
https://www.foxnews.com/sports/eagles-jason-kelce-expresses-concern-brother-travis-kelce-budding-romance-taylor-swift,Positive,Positive,,Positive
https://www.foxnews.com/entertainment/taylor-swift-travis-kelce-gwen-stefani-blake-shelton-bring-romance-photos,Positive,Positive,,Positive
https://www.foxnews.com/lifestyle/moms-creepy-cool-taylor-swift-halloween-display-goes-viral-tiktok,,,Positive,
https://www.foxnews.com/sports/taylor-swift-watches-football-former-nfl-quarterback-bernie-kosar-before-attending-chiefs-game,Positive,Positive,,Positive
https://www.foxnews.com/entertainment/taylor-swift-sports-travis-kelces-football-jersey-number-friendship-bracelet-chiefs-game,Positive,Positive,,Positive
https://www.foxnews.com/sports/travis-kelce-faces-jabs-another-quiet-game-without-taylor-swift-attendance,Negative,Negative,,Positive
https://www.foxnews.com/entertainment/us-professors-use-pop-culture-icons-taylor-swift-rick-ross-make-law-school-engaging,,,Positive,
https://www.foxnews.com/sports/travis-kelce-taylor-swift-budding-relationship-draws-wholesome-remark-andy-reid,Positive,Positive,,Positive
https://www.foxnews.com/sports/simone-biles-try-meet-taylor-swift-chiefs-packers-game,Positive,Positive,,Positive
https://www.foxnews.com/entertainment/drew-barrymore-thanks-taylor-swift-inspiring-start-dating-again-years-celibacy,Positive,Positive,,Positive
https://www.foxnews.com/lifestyle/taylor-swift-travis-kelce-halloween-costume-wins-friends-the-top-prize-see-their-rendition-of-the-stars,,,Positive,
https://www.foxnews.com/politics/new-jersey-gov-phil-murphy-used-12k-taxpayer-funds-party-taylor-swift-concert-stadium-events,,,Negative,
https://www.foxnews.com/sports/travis-kelces-big-day-taylor-swift-attendance-helps-chiefs-huge-win-chargers,Positive,Positive,,Positive
https://www.foxnews.com/sports/taylor-swift-brittany-mahomes-show-off-new-handshake-monster-half-patrick-mahomes-travis-kelce,Positive,Positive,,Positive
https://www.foxnews.com/entertainment/taylor-swift-releases-reimagined-1989-album-reviving-nostalgia-during-new-era-of-career,,,Positive,
https://www.foxnews.com/entertainment/taylor-swift-runs-kiss-travis-kelce-attends-her-second-eras-show-argentina,Positive,Positive,,Positive
https://www.foxnews.com/entertainment/taylor-swift-jokes-witchcraft-never-beating-sorcery-allegations-crazy-concert-moment,,,Neutral,
https://www.foxnews.com/entertainment/taylor-swift-pleads-fans-item-thrown-onstage-eras-tour-concert,,,Neutral,
https://www.foxnews.com/sports/rob-gronkowski-says-nfl-overdoing-taylor-swift-coverage-games-we-want-more-football,,,Negative,
https://www.foxnews.com/sports/travis-kelce-asked-in-love-taylor-swift-addresses-relationship-status,Neutral,Neutral,,Positive
https://www.foxnews.com/entertainment/taylor-swift-selena-gomez-brittany-mahomes-spotted-nyc-ahead-travis-kelce-game-germany,Positive,Positive,,Positive
https://www.foxnews.com/entertainment/travis-kelce-plays-into-joke-taylor-swift-put-me-on-map,Positive,Positive,,Positive
https://www.foxnews.com/sports/patrick-mahomes-one-up-taylor-swifts-his-wifes-handshake-travis-kelce,Positive,Positive,,Positive
https://www.foxnews.com/sports/travis-kelce-expecting-another-taylor-swift-sighting-chiefs-game,Positive,Positive,,Positive
https://www.foxnews.com/entertainment/kelly-clarkson-jokes-taylor-swift-travis-kelce-taken-over-nfl,,,Positive,
https://www.foxnews.com/entertainment/taylor-swift-travis-kelce-meet-parents-whos-who-each-famous-family,Positive,Positive,,Positive
https://www.foxnews.com/sports/patrick-mahomes-mother-gushes-taylor-swift-pop-star-meets-quarterbacks-little-sister,Positive,Positive,,Positive
https://www.foxnews.com/sports/travis-jason-kelce-joke-taylor-swift-meeting-their-dad-chiefs-star-denies-security-guard-push,Positive,Positive,,Positive
https://www.foxnews.com/entertainment/taylor-swift-travis-kelces-pda-signals-nfl-player-engame-pop-star-expert,Positive,Positive,,Positive
https://www.foxnews.com/entertainment/taylor-swift-fans-go-wild-sings-falling-love-again-kicking-off-international-tour,Positive,Positive,,Positive
https://www.foxnews.com/entertainment/taylor-swift-secures-travis-kelces-dads-stamp-approval-glowing-review,Positive,Positive,,Positive
https://www.foxnews.com/entertainment/travis-kelce-issues-apology-taylor-swifts-dad-scott-concert-flub,Neutral,Neutral,,Positive
https://www.foxnews.com/entertainment/2023-cmas-co-hosts-luke-bryan-peyton-manning-joke-about-taylor-swift-travis-kelce-award-show,,,Positive,
https://www.foxnews.com/entertainment/taylor-swift-travis-kelce-relationship-works-very-supportive-each-other,Positive,Positive,,Positive
https://www.foxnews.com/sports/travis-kelce-taylor-swift-exit-chiefs-stadium-hand-in-hand-dominant-win-chargers,Positive,Positive,,Positive
https://www.foxnews.com/entertainment/taylor-swift-parties-jackson-mahomes-fans-plead-safety-get-out-box,Positive,Positive,,Negative
https://www.foxnews.com/sports/travis-kelces-mom-explains-why-chiefs-star-taken-game-new-level-amid-taylor-swift-relationship,Negative,Negative,,Positive
https://www.foxnews.com/entertainment/taylor-swift-embraced-travis-kelces-kansas-city-chiefs-crew-shes-letting-her-guard-down-expert,Positive,Positive,,Positive
https://www.foxnews.com/sports/cowboys-micah-parsons-explains-travis-kelce-performs-better-bad-girl-taylor-swift,Positive,Positive,,Positive
https://www.foxnews.com/sports/chiefs-travis-kelce-hints-at-traveling-south-america-support-taylor-swifts-tour-during-teams-bye-week,Positive,Positive,,Positive
https://www.foxnews.com/sports/chiefs-star-travis-kelce-buys-new-kansas-city-home-amid-rumored-romance-taylor-swift-reports,Positive,Positive,,Positive
https://www.foxnews.com/entertainment/taylor-swift-joined-travis-kelce-international-eras-tour-report,Positive,Positive,,Positive
https://www.foxnews.com/entertainment/taylor-swift-skips-travis-kelces-football-games-eras-tour-prep,Positive,Positive,,Positive
https://www.foxnews.com/sports/nsyncs-lance-bass-three-word-message-cameras-searching-nfls-hottest-couple,,,Negative,
https://www.foxnews.com/sports/broncos-troll-chiefs-blasting-taylor-swift-hit-throughout-stadium-major-upset,Positive,Positive,,Negative
https://www.foxnews.com/lifestyle/mom-told-remove-decorations-sons-gravesite-taylor-swift-swear-jar-goes-viral,,,Negative,
https://www.foxnews.com/entertainment/taylor-swift-brittany-mahomes-party-before-chiefs-game-king-charles-reported-control-harry-meghan,Neutral,Neutral,,Positive
https://www.foxnews.com/sports/taylor-swift-to-likely-miss-travis-kelces-chiefs-game-this-sunday-as-eras-tour-nears-return-reports,Positive,Positive,,Positive
https://www.foxnews.com/entertainment/gwyneth-paltrow-disappear-taylor-swift-protected-travis-kelce,Positive,Positive,,Positive
https://www.foxsports.com/stories/nfl/travis-kelces-dad-says-hes-impressed-by-taylor-swift-after-meeting-pop-star,Positive,Positive,,Positive
https://www.foxsports.com/stories/nfl/will-taylor-swift-be-at-the-chiefs-game-in-germany-travis-kelce-wouldnt-say,Negative,Negative,,Positive
https://www.foxsports.com/stories/nfl/2023-nfl-odds-taylor-swifts-presence-in-germany-could-affect-betting-market,,,Positive,
https://www.foxsports.com/stories/nfl/taylor-swift-embraces-travis-kelce-changes-song-lyric-for-him-at-argentina-concert,,,Neutral,
https://www.foxsports.com/stories/nfl/travis-kelce-dazzles-in-week-7-is-he-showing-off-for-taylor-swift,Positive,Positive,,Negative
https://www.foxsports.com/watch/fmc-vrs9qr4ig6ki508a,Neutral,Neutral,,Neutral
https://www.foxsports.com/stories/nfl/nfl-week-7-top-viral-moments-lebron-james-taylor-swift-celebrate-national-tight-ends-day,Neutral,Neutral,,Neutral
https://www.foxsports.com/stories/nfl/does-taylor-swift-really-swing-betting-odds-when-shes-at-chiefs-games,Positive,Positive,,Neutral
https://www.foxsports.com/stories/nfl/giants-daniel-jones-ruled-out-for-third-straight-week-tyrod-taylor-to-start,Neutral,Neutral,,Neutral
https://www.foxsports.com/stories/nfl/buccaneers-bills-live-updates-top-moments-from-thursday-night-football,Neutral,Neutral,,Neutral
https://www.foxsports.com/stories/nfl/nfl-week-7-top-viral-moments-lebron-james-loves-big-days-from-myles-garrett-lamar-jackson,Neutral,Neutral,,Neutral
https://www.foxsports.com/stories/nfl/fox-super-6-nfl-contest-chris-the-bear-fallicas-week-8-picks,Neutral,Neutral,,Neutral
https://www.foxsports.com/stories/nfl/tyrod-taylor-has-succeeded-where-daniel-jones-failed-with-giants-offense,Neutral,Neutral,,Positive
https://www.foxsports.com/stories/nfl/chiefs-travis-kelce-joins-jason-kelce-on-a-philly-special-christmas-single,Positive,Positive,,Positive
https://www.foxsports.com/stories/nfl/patrick-mahomes-throws-4-tds-travis-kelce-has-big-day-as-chiefs-beat-chargers,Positive,Positive,,Positive
https://www.foxsports.com/stories/nfl/nfl-week-6-top-viral-moments-social-media-reacts-as-49ers-lose-to-browns-eagles-lose-to-jets,Neutral,Neutral,,Neutral
https://www.foxsports.com/stories/nfl/nfl-week-8-top-viral-moments-best-halloween-costumes-from-around-the-league,Neutral,Neutral,,Positive
https://www.foxsports.com/stories/nfl/jerry-jones-gives-mixed-signals-on-cowboys-trade-deadline-approach,,,Neutral,
https://www.foxsports.com/stories/nba/wrongful-death-suit-filed-against-top-nba-pick-brandon-miller,,,Neutral,
https://www.foxsports.com/stories/nfl/cooper-kupp-believes-rams-can-be-dangerous-make-a-run-with-their-talented-rookies,,,Neutral,
https://www.foxsports.com/stories/nba/warriors-andre-iguodala-a-four-time-nba-champion-retires-after-19-years,,,Neutral,
https://www.foxsports.com/stories/nfl/jay-glazer-cardinals-want-to-build-around-kyler-murray-not-trade-him,,,Neutral,
https://www.foxsports.com/stories/nfl/chiefs-and-patriots-compete-for-fans-and-influence-in-germany-ahead-of-games-in-frankfurt,Positive,Positive,,Positive
https://www.foxsports.com/stories/nfl/fox-super-6-nfl-contest-chris-the-bear-fallicas-week-9-picks,,,Neutral,
https://www.foxsports.com/stories/nfl/buccaneers-are-on-a-3-game-skid-but-still-have-a-lot-to-play-for-this-season,,,Neutral,
https://www.foxsports.com/stories/nfl/buffalo-bills-made-a-philosophical-change-with-josh-allen-in-win-but-is-it-sustainable,,,Neutral,
https://www.foxsports.com/stories/nfl/travis-kelce-says-chiefs-loss-to-broncos-was-embarrassing,Negative,Negative,,Neutral
https://www.foxsports.com/stories/nfl/nfl-week-7-live-updates,,,Neutral,
https://www.foxsports.com/stories/nfl/nfl-week-7-top-viral-moments-sights-and-sounds-from-around-the-league,Neutral,Neutral,,Neutral
https://www.foxsports.com/stories/nfl/p-j-locke-saves-denver-from-another-meltdown-as-broncos-beat-packers-19-17,,,Neutral,
https://www.foxsports.com/stories/nfl/panthers-bryce-young-vs-texans-c-j-stroud-what-to-expect-in-their-first-matchup,,,Neutral,
https://www.foxsports.com/stories/nfl/trevor-lawrence-to-trey-lance-grading-the-2021-quarterback-class-so-far,,,Neutral,
https://www.foxsports.com/stories/nfl/sam-darnold-next-to-take-turn-in-49ers-qb-carousel-nfc-west-stock-watch,,,Neutral,
https://www.foxsports.com/stories/nfl/browns-edge-myles-garrett-dominates-in-win-over-colts-man-95-is-a-problem,,,Neutral,
https://www.foxsports.com/stories/nba/ben-simmons-has-his-health-and-old-job-back-now-nets-need-to-see-his-old-game,,,Neutral,
https://www.foxsports.com/stories/nba/lebron-james-to-clap-back-at-nuggets-trash-talk-there-will-be-a-time,,,Neutral,
https://www.foxsports.com/stories/nba/sixers-will-start-regular-season-without-james-harden-unless-something-changes,,,Neutral,
https://www.foxsports.com/stories/nfl/what-we-learned-in-nfl-week-7-lamar-jackson-as-mvp-frontrunner-travis-kelces-immense-value,Neutral,Neutral,,Neutral
https://www.foxsports.com/stories/nba/nba-teams-tiers-its-title-or-bust-for-the-nuggets-bucks-celtics-and-suns,,,Neutral,
https://www.foxsports.com/stories/nba/spurs-victor-wembanyama-already-setting-the-tone-for-rookie-season,,,Neutral,
https://www.foxsports.com/stories/nfl/sportsbooks-win-big-in-nfl-week-7-thanks-to-patriots-upset-of-bills-college-bettors-also-lose-with-usc,,,Neutral,
https://www.foxsports.com/stories/nfl/despite-three-red-zone-fumbles-falcons-still-beat-bucs-to-grab-first-place,,,Neutral,
https://www.foxsports.com/stories/nfl/eagles-defense-smothers-dolphins-electric-attack-impressive-win,,,Neutral,
https://www.foxsports.com/stories/nfl/nfl-top-10-rankings-chiefs-hold-top-spot-eagles-ravens-rise-dolphins-lions-fall,,,Neutral,
https://www.foxsports.com/stories/nfl/sportsbooks-win-big-via-patriots-upset-college-bettors-fall-flat-with-usc-loss,Neutral,Neutral,,Neutral
https://www.nbcnews.com/pop-culture/taylor-swift-asks-fans-not-throw-objects-stage-buenos-aires-rcna124930,,,Neutral,
https://www.nbcnews.com/pop-culture/pop-culture-news/taylor-swift-kisses-travis-kelce-cheek-instagram-photo-rcna121784,Positive,Positive,,Positive
https://www.nbcnews.com/news/us-news/savannah-guthrie-taylor-swift-halloween-see-joined-stage-rcna122976,,,Positive,
https://www.nbcnews.com/pop-culture/celebrity/travis-kelce-reacts-taylor-swift-karma-lyric-change-rcna124807,Positive,Positive,,Positive
https://www.nbcnews.com/pop-culture/1989-taylors-version-what-to-know-rcna122332,,,Positive,
https://www.nbcnews.com/news/november-13-2023-morning-rundown-rcna124846,Positive,Positive,,Positive
https://www.nbcnews.com/pop-culture/pop-culture-news/taylor-swifts-eras-tour-concert-film-takes-final-bow-box-office-weeken-rcna123584,,,Neutral,
https://www.nbcnews.com/news/asian-america/new-jeans-billboard-award-rcna123225,,,Positive,
https://www.nbcnews.com/pop-culture/celebrity/taylor-swift-cancels-show-buenos-aires-travis-kelce-arrives-argentina-rcna124532,,,Neutral,
https://www.nbcnews.com/pop-culture/celebrity/taylor-swift-travis-kelce-argentina-eras-tour-rcna124327,Positive,Positive,,Positive
https://www.nbcnews.com/pop-culture/pop-culture-news/travis-kelce-reacts-fans-joking-pushed-taylor-swifts-security-guard-rcna121018,Negative,Negative,,Positive
https://www.nbcnews.com/pop-culture/pop-culture-news/chiefs-lose-travis-kelce-tough-day-taylor-swifts-absence-rcna122709,Negative,Negative,,Positive
https://www.nbcnews.com/pop-culture/celebrity/taylor-swift-travis-kelce-relationship-raising-dating-standards-rcna124991,Positive,Positive,,Positive
https://www.newsweek.com/travis-kelce-reportedly-bought-6-million-mansion-privacy-1836215,Neutral,Neutral,,Positive
https://www.newsweek.com/taylor-kelce-talks-about-electric-snl-appearance-date-taylor-swift-1835850,Negative,Negative,,Positive
https://www.newsweek.com/taylor-swift-voting-message-sparks-outrage-1841802,,,Negative,
https://www.newsweek.com/travis-kelce-taylor-swift-timeline-how-he-played-since-going-public-1836592,Positive,Positive,,Positive
https://www.newsweek.com/travis-kelces-parents-thoughts-taylor-swift-1837340,Neutral,Neutral,,Positive
https://www.newsweek.com/taylor-swift-responds-witchcraft-taunts-extraordinary-video-1843388,,,Neutral,
https://www.newsweek.com/taylor-swift-patrick-mahomes-wife-brittany-sparks-outrage-1836802,Neutral,Neutral,,Negative
https://www.newsweek.com/jimmy-kimmel-mocks-taylor-swift-brittany-mahomes-handshake-1837173,Positive,Positive,,Positive
https://www.newsweek.com/travis-kelce-quiet-game-without-taylor-swift-present-sparks-questions-1841136,Neutral,Neutral,,Positive
https://www.newsweek.com/travis-kelce-stylist-responds-taylor-swift-wardrobe-conspiracies-1840354,,,Positive,
https://www.newsweek.com/travis-kelce-sweet-bond-taylor-swift-dad-scott-1843967,Positive,Positive,,Positive
https://www.newsweek.com/taylor-swift-absence-travis-kelce-game-sparks-conspiracy-theories-1839040,Negative,Negative,,Positive
https://www.newsweek.com/josh-allen-taylor-swift-audible-buffalo-bills-game-1838664,,,Neutral,
https://www.newsweek.com/travis-kelce-roasted-social-media-users-trademark-filings-1840876,Positive,Positive,,Positive
https://www.newsweek.com/gigi-hadid-taylor-swift-travis-kelce-relationship-rumor-1843547,Negative,Negative,,Negative
https://www.newsweek.com/taylor-swift-brittany-mahomes-friendship-sparks-backlash-1841116,Negative,Negative,,Positive
https://www.newsweek.com/broncos-troll-chiefs-playing-taylor-swift-arena-after-big-win-1839135,Negative,Negative,,Positive
https://www.newsweek.com/travis-kelce-addresses-whether-he-love-taylor-swift-1840808,Neutral,Neutral,,Positive
https://www.newsweek.com/travis-kelce-reportedly-will-travel-argentina-visit-taylor-swift-1842378,Positive,Positive,,Positive
https://www.newsweek.com/andy-reid-opposing-coaches-dont-call-him-about-taylor-swift-1843672,Positive,Positive,,Positive
https://www.newsweek.com/travis-kelce-mom-reassures-chiefs-fans-concerns-about-taylor-swift-1840724,Negative,Negative,,Positive
https://www.newsweek.com/taylor-swift-travis-kelce-halloween-display-video-1837395,,,Positive,
https://www.newsweek.com/travis-kelce-saw-taylor-swift-perform-argentina-heres-what-happened-1842968,,,Positive,
https://www.newsweek.com/cat-hilarious-reaction-owner-singing-taylor-swift-song-airplane-mode-1841192,,,Positive,
https://www.newsweek.com/taylor-swift-reveals-fan-behavior-that-freaks-her-out-1843154,,,Positive,
https://www.newsweek.com/travis-kelce-brother-jason-kelce-dark-side-taylor-swift-romance-1838235,Neutral,Neutral,,Negative
https://www.newsweek.com/nfl-official-x-account-switches-header-taylor-swift-josh-dobbs-1843115,,,Neutral,
https://www.newsweek.com/video-trump-takes-stage-j6-hostages-song-that-beat-taylor-swift-1840525,,,Neutral,
https://www.newsweek.com/taylor-swift-eras-movie-box-office-compares-sound-freedom-1835321,,,Positive,
https://www.newsweek.com/harry-styles-big-change-shakes-fans-1842580,Negative,Negative,,Negative
https://www.newsweek.com/travis-jason-kelce-comparison-viral-1843209,Negative,Negative,,Positive
https://www.newsweek.com/former-chiefs-gm-scott-pioli-provides-perspective-travis-kelce-1843945,Negative,Negative,,Positive
https://www.newsweek.com/what-know-about-dolly-parton-event-hitting-theaters-soon-1837916,,,Positive,
https://www.newsweek.com/brittany-mahomes-kim-kardashian-skims-taylor-swift-1842757,Neutral,Neutral,,Negative
https://www.newsweek.com/travis-kelce-bye-week-plans-arent-problem-1842298,Neutral,Neutral,,Positive
https://www.newsweek.com/travis-kelce-bizarre-game-behaviour-goes-viral-1838263,,,Neutral,
https://www.newsweek.com/who-chargers-superfan-merianne-do-5-things-we-know-after-she-went-viral-1838776,,,Positive,
https://www.newsweek.com/kellyanne-conway-claudia-clown-marjorie-taylor-greene-pete-buttigieg-1841844,,,Neutral,
https://www.newsweek.com/travis-kelce-might-go-somewhere-sunny-during-chiefs-bye-week-1842042,Positive,Positive,,Positive
https://www.newsweek.com/what-going-jada-pinkett-smith-1835191,Positive,Positive,,Positive
https://www.newsweek.com/patrick-mahomes-mom-slams-bullies-amid-jackson-brittany-backlash-1840604,Positive,Positive,,Positive
https://www.newsweek.com/jason-kelce-drug-test-nfl-birthday-1841183,Positive,Positive,,Positive
https://www.newsweek.com/aaron-rodgers-social-media-has-old-teammate-thinking-about-early-return-1841311,Positive,Positive,,Positive
https://www.newsweek.com/nfl-week-7-winners-losers-1837057,Positive,Positive,,Positive
https://www.newsweek.com/travis-kelce-new-business-venture-isnt-touchdown-cheifs-fans-1840854,Positive,Positive,,Negative
https://www.newsweek.com/patrick-mahomes-joining-espn-manningcast-1843371,Positive,Positive,,Positive
https://www.newsweek.com/shannon-sharpe-travis-kelce-world-series-game-1-horrible-look-1839216,Neutral,Neutral,,Negative
https://www.newsweek.com/jason-kelce-not-travis-named-one-people-sexiest-men-alive-1841888,Positive,Positive,,Positive
https://www.newsweek.com/jason-kelce-came-her-restaurant-tried-roast-queen-1843550,Negative,Negative,,Positive
https://www.newsweek.com/americans-earning-more-complaining-about-economy-1839562,,,Positive,
https://www.newsweek.com/mike-johnson-has-already-made-his-first-mistake-1839629,,,Neutral,
https://www.newsweek.com/nfl-best-performers-week-7-lamar-jackson-1837110,Positive,Positive,,Positive
https://www.newsweek.com/donald-trump-january-6-choir-jack-smith-indictment-1841822,,,Positive,
https://www.newsweek.com/biden-gets-bad-economic-news-polls-spell-disaster-1842800,,,Positive,
https://www.newsweek.com/travis-kelce-salary-how-much-does-chiefs-tight-end-make-1836611,Positive,Positive,,Positive
https://www.newsweek.com/rob-schneider-under-fire-over-travis-kelce-comment-1841548,,,Neutral,
https://www.newsweek.com/2023/11/24/heres-real-threat-ai-right-now-just-ask-my-son-1843729.html,,,Neutral,
https://www.newsweek.com/josh-dobbs-isnt-just-viral-story-valuable-lesson-1843269,Positive,Positive,,Positive
https://www.newsweek.com/kellyanne-conway-daughter-claudia-slams-governments-israel-hamas-war-1836011,,,Positive,
https://www.newsweek.com/kc-chiefs-have-ready-made-insurance-policy-nick-bolton-injury-drue-tranquill-1836895,Neutral,Neutral,,Positive
https://www.newsweek.com/2023/11/17/dolly-disruptor-queen-countrys-barrier-breaking-milestones-1839373.html,,,Neutral,
https://www.newsweek.com/2023/11/10/exclusive-dolly-parton-rock-rhinestones-her-genre-busting-career-1839246.html,,,,
https://ftw.usatoday.com/2023/11/travis-kelce-taylor-swift-big-kiss-eras-tour-music-celebrity-news,Positive,Positive,,Positive
https://ftw.usatoday.com/2023/11/travis-kelce-taylor-swift-in-love-question-answer-video,Neutral,Neutral,,Positive
https://ftw.usatoday.com/lists/taylor-swift-eagles-chiefs-travis-kelce-schedule,Neutral,Neutral,,Positive
https://ftw.usatoday.com/2023/11/olive-garden-travis-kelce-tweet-taylor-swift,,,Negative,
https://ftw.usatoday.com/2023/11/taylor-swift-travis-kelce-engaged-prediction-hilarie-burton,Positive,Positive,,Positive
https://ftw.usatoday.com/2023/10/taylor-swift-brittany-mahomes-secret-handshake-travis-kelce-video,Positive,Positive,,Positive
https://ftw.usatoday.com/2023/11/taylor-swift-travis-kelce-eras-tour-singing-video,Positive,Positive,,Positive
https://ftw.usatoday.com/2023/11/travis-kelce-taylor-swift-halloween-costumes-new-heights-podcast,,,Positive,
https://ftw.usatoday.com/2023/11/travis-kelce-texting-taylor-swift-new-heights-podcast,Positive,Positive,,Positive
https://ftw.usatoday.com/2023/11/taylor-swift-travis-kelce-tyreek-hill-fans-quote,Neutral,Neutral,,Positive
https://ftw.usatoday.com/2023/11/travis-kelce-taylor-swift-eras-tour-argentina-patrick-mahomes-charity,Positive,Positive,,Positive
https://ftw.usatoday.com/2023/11/taylor-swft-travis-kelce-eras-tour-super-bowl-schedule-drew-barrymore,Neutral,Neutral,,Positive
https://ftw.usatoday.com/2023/11/travis-kelce-taylor-swift-eras-tour-argentina-podcast-jason,Neutral,Neutral,,Positive
https://ftw.usatoday.com/2023/11/travis-kelce-argentina-eras-tour-taylor-swift-photos-reaction,Positive,Positive,,Positive
https://ftw.usatoday.com/2023/10/chiefs-taylor-swift-andy-reid-travis-kelce-video,Positive,Positive,,Positive
https://ftw.usatoday.com/2023/11/taylor-swift-germany-chiefs-dolphins-jaylen-waddle-reaction-video,,,Neutral,
https://ftw.usatoday.com/2023/10/taylor-swift-travis-kelce-denver-broncos-kansas-city-chiefs-ziggy-corgi-halftime-race,,,Positive,
https://ftw.usatoday.com/lists/travis-kelce-taylor-swift-jason-podcast-new-heights-karma,Positive,Positive,,Positive
https://ftw.usatoday.com/lists/taylor-swift-1989-taylors-version-double-album-theory,,,Positive,
https://ftw.usatoday.com/2023/11/taylor-swift-brittany-mahomes-instagram-travis-kelce,Positive,Positive,,Positive
https://ftw.usatoday.com/2023/11/taylor-swift-brittany-mahomes-germany-selena-gomez-sophie-turner,Positive,Positive,,Positive
https://ftw.usatoday.com/2023/11/taylor-swift-travis-kelce-buenos-aires-argentina-eras-tour,Positive,Positive,,Positive
https://ftw.usatoday.com/2023/10/travis-kelce-taylor-swift-shake-it-off-world-series,Positive,Positive,,Positive
https://ftw.usatoday.com/2023/11/taylor-swift-travis-kelce-brittany-mahomes-chiefs-watch-party-nyc,Negative,Negative,,Positive
https://ftw.usatoday.com/lists/taylor-swift-travis-kelce-schedules-chiefs-eras-tour,Positive,Positive,,Positive
https://ftw.usatoday.com/2023/11/taylor-swift-electric-travis-kelce-argentina-message,Positive,Positive,,Positive
https://ftw.usatoday.com/2023/10/travis-kelce-taylor-swifts-love-story-singing-video,Positive,Positive,,Positive
https://ftw.usatoday.com/2023/11/travis-kelce-taylor-swift-map-meme-halloween-costume-reaction,Positive,Positive,,Positive
https://ftw.usatoday.com/lists/reputation-taylors-version-theories-taylor-swift-10-november-glitch,,,Neutral,
https://ftw.usatoday.com/lists/taylor-swift-travis-kelce-cbs-tv-graphic-stats-video-reaction-fans-attendance,Positive,Positive,,Positive
https://ftw.usatoday.com/2023/10/taylor-swift-travis-kelce-golf-cart-photos-chiefs-afterparty,Positive,Positive,,Positive
https://ftw.usatoday.com/2023/10/taylor-swift-travis-kelce-friendship-bracelet-chiefs,Positive,Positive,,Positive
https://ftw.usatoday.com/2023/11/travis-kelce-taylor-swifts-eras-tour-argentina-reports,Positive,Positive,,Positive
https://ftw.usatoday.com/2023/11/taylor-swift-travis-kelce-kansas-city-chiefs-tiktok-video-reaction,,,Neutral,
https://ftw.usatoday.com/lists/travis-kelce-philosophical-tweet-2012-taylor-swift-fans-jokes-reaction-twitter,,,Neutral,
https://ftw.usatoday.com/2023/11/peyton-manning-luke-bryan-cma-awards-joke-jets-taylor-swift,,,Neutral,
https://ftw.usatoday.com/2023/10/taylor-swift-jack-black-sag-aftra-anti-hero-video,,,Positive,
https://ftw.usatoday.com/2023/11/nc-state-football-payton-wilson-taylor-swift-postseason-awards,,,Positive,
https://ftw.usatoday.com/2023/11/oklahoma-state-oklahoma-trolling-bedlam-rivalry-game-taylor-swift-song-college-football,,,Positive,
https://ftw.usatoday.com/2023/10/taylor-swift-rob-gronkowski-nfl-broadcasts-kay-adams,,,Positive,
https://ftw.usatoday.com/2023/11/travis-kelce-jason-christmas-song-taylor-swift-spotify,Positive,Positive,,Positive
https://ftw.usatoday.com/2023/11/taylor-swift-eras-tour-weather-buenos-aires-argentina,,,Positive,
https://ftw.usatoday.com/lists/taylor-swift-travis-kelce-halloween-costumes-2023-tiktok,,,Positive,
https://ftw.usatoday.com/2023/10/travis-kelce-taylor-swift-stats-podcast-jason-new-heights,Positive,Positive,,Positive
https://ftw.usatoday.com/lists/eagles-chiefs-super-bowl-rematch-taylor-swift-betting-calendar,Positive,Positive,,Neutral
https://ftw.usatoday.com/2023/11/taylor-swift-outfit-eras-tour-pink-jacket-barbie-meme,,,Positive,
https://ftw.usatoday.com/2023/11/travis-kelce-taylor-swift-germany-jokingly-blames-oddsmakers,,,Neutral,
https://ftw.usatoday.com/2023/10/travis-kelce-taylor-swift-hand-holding-football-photos,Positive,Positive,,Positive
https://ftw.usatoday.com/2023/11/donna-kelce-taylor-swift-eras-tour-movie-chiefs-eagles-travis-kelce,Positive,Positive,,Positive
https://ftw.usatoday.com/lists/chiefs-broncos-stadium-music-taylor-swift-shake-it-off-video-reaction,Negative,Negative,,Positive
https://ftw.usatoday.com/2023/10/travis-kelce-chiefs-micd-up-chargers-video,,,Neutral,
https://ftw.usatoday.com/2023/11/travis-kelce-karma-taylor-swift-lyrics-reaction-videos,Positive,Positive,,Positive
https://ftw.usatoday.com/2023/10/kansas-city-chiefs-taylor-swift-travis-kelce-morgan-freeman-reaction,,,Neutral,
https://ftw.usatoday.com/2023/10/travis-kelce-taylor-swift-boyfriend-video-chiefs,Positive,Positive,,Positive
https://ftw.usatoday.com/2023/11/travis-jason-kelce-song-fairtytale-of-philadelphia-video,Positive,Positive,,Positive
https://ftw.usatoday.com/2023/11/why-travis-kelce-germany-chiefs-game-dolphins-explained-taylor-swift,Neutral,Neutral,,Positive
https://ftw.usatoday.com/lists/celebrity-halloween-costumes-2023,,,Positive,
https://ftw.usatoday.com/2023/11/nfl-frankfurt-germany-dolphins-chiefs-referee-german,,,Positive,
https://ftw.usatoday.com/2023/11/jason-kelce-travis-people-sexiest-man-alive-quote,Neutral,Neutral,,Positive
https://ftw.usatoday.com/2023/11/people-sexiest-man-alive-travis-kelce-jason-kelce,Neutral,Neutral,,Positive
https://ftw.usatoday.com/lists/dolphins-coach-mike-mcdaniel-halloween-costume-reaction-video,,,Positive,
https://ftw.usatoday.com/2023/10/eagles-tush-push-play-rules-banned-no,Neutral,Neutral,,Positive
https://ftw.usatoday.com/lists/nfl-week-8-awards-brock-purdy-critics-right-49ers-bengals,Negative,Negative,,Positive
https://ftw.usatoday.com/lists/5-wildest-nfl-betting-moments-so-far-2023,Neutral,Neutral,,Positive
https://ftw.usatoday.com/lists/dolly-parton-covers-songs-that-should-exist,,,Positive,
https://ftw.usatoday.com/2023/10/texas-rangers-world-series-astros,,,Positive,
https://ftw.usatoday.com/2023/11/giannis-anetetokounmpo-ejection-pistons-bucks-nba-refs,,,Positive,
https://ftw.usatoday.com/2023/11/sean-payton-denver-broncos-bills-turnaround,,,Positive,
https://ftw.usatoday.com/2023/11/giants-daniel-jones-injury-torn-acl,,,Positive,
